u_bajo,u_alto,beneficio_3_bandas_usd,clientes_bajo,clientes_medio,clientes_alto,pct_bajo,pct_medio,pct_alto,tasa_default_bajo,tasa_default_medio,tasa_default_alto
0.3,0.36,9150.0,71,9,80,44.38,5.62,50.0,0.0704,0.1111,0.5125
0.16,0.36,8925.0,47,33,80,29.38,20.62,50.0,0.0426,0.1212,0.5125
0.29,0.36,8700.0,69,11,80,43.12,6.88,50.0,0.0725,0.0909,0.5125
0.3,0.37,8400.0,71,12,77,44.38,7.5,48.12,0.0704,0.1667,0.5195
0.3,0.35,8400.0,71,7,82,44.38,4.38,51.25,0.0704,0.1429,0.5
0.27,0.36,8250.0,67,13,80,41.88,8.12,50.0,0.0746,0.0769,0.5125
0.28,0.36,8250.0,67,13,80,41.88,8.12,50.0,0.0746,0.0769,0.5125
0.16,0.35,8175.0,47,31,82,29.38,19.38,51.25,0.0426,0.129,0.5
0.16,0.33,8175.0,47,26,87,29.38,16.25,54.37,0.0426,0.1154,0.4828
0.16,0.37,8175.0,47,36,77,29.38,22.5,48.12,0.0426,0.1389,0.5195
0.16,0.32,8175.0,47,26,87,29.38,16.25,54.37,0.0426,0.1154,0.4828
0.15,0.36,8025.0,43,37,80,26.88,23.12,50.0,0.0465,0.1081,0.5125
0.26,0.36,8025.0,66,14,80,41.25,8.75,50.0,0.0758,0.0714,0.5125
0.29,0.37,7950.0,69,14,77,43.12,8.75,48.12,0.0725,0.1429,0.5195
0.29,0.35,7950.0,69,9,82,43.12,5.62,51.25,0.0725,0.1111,0.5
0.25,0.36,7800.0,65,15,80,40.62,9.38,50.0,0.0769,0.0667,0.5125
0.16,0.34,7800.0,47,30,83,29.38,18.75,51.88,0.0426,0.1333,0.494
0.24,0.36,7575.0,64,16,80,40.0,10.0,50.0,0.0781,0.0625,0.5125
0.29,0.34,7575.0,69,8,83,43.12,5.0,51.88,0.0725,0.125,0.494
0.27,0.35,7500.0,67,11,82,41.88,6.88,51.25,0.0746,0.0909,0.5
0.27,0.33,7500.0,67,6,87,41.88,3.75,54.37,0.0746,0.0,0.4828
0.28,0.37,7500.0,67,16,77,41.88,10.0,48.12,0.0746,0.125,0.5195
0.28,0.35,7500.0,67,11,82,41.88,6.88,51.25,0.0746,0.0909,0.5
0.27,0.37,7500.0,67,16,77,41.88,10.0,48.12,0.0746,0.125,0.5195
0.28,0.33,7500.0,67,6,87,41.88,3.75,54.37,0.0746,0.0,0.4828
0.27,0.32,7500.0,67,6,87,41.88,3.75,54.37,0.0746,0.0,0.4828
0.17,0.36,7425.0,48,32,80,30.0,20.0,50.0,0.0625,0.0938,0.5125
0.15,0.37,7275.0,43,40,77,26.88,25.0,48.12,0.0465,0.125,0.5195
0.15,0.33,7275.0,43,30,87,26.88,18.75,54.37,0.0465,0.1,0.4828
0.15,0.32,7275.0,43,30,87,26.88,18.75,54.37,0.0465,0.1,0.4828
0.26,0.32,7275.0,66,7,87,41.25,4.38,54.37,0.0758,0.0,0.4828
0.26,0.37,7275.0,66,17,77,41.25,10.62,48.12,0.0758,0.1176,0.5195
0.26,0.35,7275.0,66,12,82,41.25,7.5,51.25,0.0758,0.0833,0.5
0.26,0.33,7275.0,66,7,87,41.25,4.38,54.37,0.0758,0.0,0.4828
0.15,0.35,7275.0,43,35,82,26.88,21.88,51.25,0.0465,0.1143,0.5
0.14,0.36,7125.0,39,41,80,24.38,25.62,50.0,0.0513,0.0976,0.5125
0.28,0.34,7125.0,67,10,83,41.88,6.25,51.88,0.0746,0.1,0.494
0.23,0.36,7125.0,62,18,80,38.75,11.25,50.0,0.0806,0.0556,0.5125
0.27,0.34,7125.0,67,10,83,41.88,6.25,51.88,0.0746,0.1,0.494
0.25,0.32,7050.0,65,8,87,40.62,5.0,54.37,0.0769,0.0,0.4828
0.25,0.35,7050.0,65,13,82,40.62,8.12,51.25,0.0769,0.0769,0.5
0.25,0.37,7050.0,65,18,77,40.62,11.25,48.12,0.0769,0.1111,0.5195
0.25,0.33,7050.0,65,8,87,40.62,5.0,54.37,0.0769,0.0,0.4828
0.3,0.38,6900.0,71,13,76,44.38,8.12,47.5,0.0704,0.2308,0.5132
0.15,0.34,6900.0,43,34,83,26.88,21.25,51.88,0.0465,0.1176,0.494
0.26,0.34,6900.0,66,11,83,41.25,6.88,51.88,0.0758,0.0909,0.494
0.24,0.32,6825.0,64,9,87,40.0,5.62,54.37,0.0781,0.0,0.4828
0.24,0.35,6825.0,64,14,82,40.0,8.75,51.25,0.0781,0.0714,0.5
0.24,0.33,6825.0,64,9,87,40.0,5.62,54.37,0.0781,0.0,0.4828
0.24,0.37,6825.0,64,19,77,40.0,11.88,48.12,0.0781,0.1053,0.5195
0.16,0.38,6675.0,47,37,76,29.38,23.12,47.5,0.0426,0.1622,0.5132
0.17,0.32,6675.0,48,25,87,30.0,15.62,54.37,0.0625,0.08,0.4828
0.17,0.33,6675.0,48,25,87,30.0,15.62,54.37,0.0625,0.08,0.4828
0.22,0.36,6675.0,60,20,80,37.5,12.5,50.0,0.0833,0.05,0.5125
0.25,0.34,6675.0,65,12,83,40.62,7.5,51.88,0.0769,0.0833,0.494
0.13,0.36,6675.0,37,43,80,23.12,26.88,50.0,0.0541,0.093,0.5125
0.17,0.37,6675.0,48,35,77,30.0,21.88,48.12,0.0625,0.1143,0.5195
0.17,0.35,6675.0,48,30,82,30.0,18.75,51.25,0.0625,0.1,0.5
0.29,0.38,6450.0,69,15,76,43.12,9.38,47.5,0.0725,0.2,0.5132
0.24,0.34,6450.0,64,13,83,40.0,8.12,51.88,0.0781,0.0769,0.494
0.23,0.32,6375.0,62,11,87,38.75,6.88,54.37,0.0806,0.0,0.4828
0.14,0.32,6375.0,39,34,87,24.38,21.25,54.37,0.0513,0.0882,0.4828
0.18,0.36,6375.0,51,29,80,31.87,18.12,50.0,0.0784,0.069,0.5125
0.23,0.37,6375.0,62,21,77,38.75,13.12,48.12,0.0806,0.0952,0.5195
0.23,0.33,6375.0,62,11,87,38.75,6.88,54.37,0.0806,0.0,0.4828
0.14,0.37,6375.0,39,44,77,24.38,27.5,48.12,0.0513,0.1136,0.5195
0.23,0.35,6375.0,62,16,82,38.75,10.0,51.25,0.0806,0.0625,0.5
0.14,0.35,6375.0,39,39,82,24.38,24.38,51.25,0.0513,0.1026,0.5
0.14,0.33,6375.0,39,34,87,24.38,21.25,54.37,0.0513,0.0882,0.4828
0.17,0.34,6300.0,48,29,83,30.0,18.12,51.88,0.0625,0.1034,0.494
0.3,0.5,6150.0,71,26,63,44.38,16.25,39.38,0.0704,0.2308,0.5714
0.23,0.34,6000.0,62,15,83,38.75,9.38,51.88,0.0806,0.0667,0.494
0.28,0.38,6000.0,67,17,76,41.88,10.62,47.5,0.0746,0.1765,0.5132
0.12,0.36,6000.0,34,46,80,21.25,28.75,50.0,0.0588,0.087,0.5125
0.27,0.38,6000.0,67,17,76,41.88,10.62,47.5,0.0746,0.1765,0.5132
0.14,0.34,6000.0,39,38,83,24.38,23.75,51.88,0.0513,0.1053,0.494
0.22,0.35,5925.0,60,18,82,37.5,11.25,51.25,0.0833,0.0556,0.5
0.22,0.32,5925.0,60,13,87,37.5,8.12,54.37,0.0833,0.0,0.4828
0.22,0.37,5925.0,60,23,77,37.5,14.37,48.12,0.0833,0.087,0.5195
0.16,0.5,5925.0,47,50,63,29.38,31.25,39.38,0.0426,0.18,0.5714
0.13,0.37,5925.0,37,46,77,23.12,28.75,48.12,0.0541,0.1087,0.5195
0.13,0.32,5925.0,37,36,87,23.12,22.5,54.37,0.0541,0.0833,0.4828
0.13,0.33,5925.0,37,36,87,23.12,22.5,54.37,0.0541,0.0833,0.4828
0.13,0.35,5925.0,37,41,82,23.12,25.62,51.25,0.0541,0.0976,0.5
0.22,0.33,5925.0,60,13,87,37.5,8.12,54.37,0.0833,0.0,0.4828
0.21,0.36,5775.0,56,24,80,35.0,15.0,50.0,0.0893,0.0417,0.5125
0.26,0.38,5775.0,66,18,76,41.25,11.25,47.5,0.0758,0.1667,0.5132
0.15,0.38,5775.0,43,41,76,26.88,25.62,47.5,0.0465,0.1463,0.5132
0.29,0.5,5700.0,69,28,63,43.12,17.5,39.38,0.0725,0.2143,0.5714
0.18,0.35,5625.0,51,27,82,31.87,16.88,51.25,0.0784,0.0741,0.5
0.18,0.32,5625.0,51,22,87,31.87,13.75,54.37,0.0784,0.0455,0.4828
0.18,0.37,5625.0,51,32,77,31.87,20.0,48.12,0.0784,0.0938,0.5195
0.18,0.33,5625.0,51,22,87,31.87,13.75,54.37,0.0784,0.0455,0.4828
0.19,0.36,5550.0,55,25,80,34.38,15.62,50.0,0.0909,0.04,0.5125
0.22,0.34,5550.0,60,17,83,37.5,10.62,51.88,0.0833,0.0588,0.494
0.2,0.36,5550.0,55,25,80,34.38,15.62,50.0,0.0909,0.04,0.5125
0.25,0.38,5550.0,65,19,76,40.62,11.88,47.5,0.0769,0.1579,0.5132
0.13,0.34,5550.0,37,40,83,23.12,25.0,51.88,0.0541,0.1,0.494
0.3,0.39,5400.0,71,14,75,44.38,8.75,46.88,0.0704,0.2857,0.5067
0.3,0.49,5400.0,71,24,65,44.38,15.0,40.62,0.0704,0.25,0.5538
0.11,0.36,5325.0,31,49,80,19.38,30.63,50.0,0.0645,0.0816,0.5125
0.24,0.38,5325.0,64,20,76,40.0,12.5,47.5,0.0781,0.15,0.5132
0.12,0.35,5250.0,34,44,82,21.25,27.5,51.25,0.0588,0.0909,0.5
0.12,0.32,5250.0,34,39,87,21.25,24.38,54.37,0.0588,0.0769,0.4828
0.27,0.5,5250.0,67,30,63,41.88,18.75,39.38,0.0746,0.2,0.5714
0.18,0.34,5250.0,51,26,83,31.87,16.25,51.88,0.0784,0.0769,0.494
0.28,0.5,5250.0,67,30,63,41.88,18.75,39.38,0.0746,0.2,0.5714
0.12,0.33,5250.0,34,39,87,21.25,24.38,54.37,0.0588,0.0769,0.4828
0.12,0.37,5250.0,34,49,77,21.25,30.63,48.12,0.0588,0.102,0.5195
0.16,0.49,5175.0,47,48,65,29.38,30.0,40.62,0.0426,0.1875,0.5538
0.17,0.38,5175.0,48,36,76,30.0,22.5,47.5,0.0625,0.1389,0.5132
0.16,0.39,5175.0,47,38,75,29.38,23.75,46.88,0.0426,0.1842,0.5067
0.1,0.36,5100.0,30,50,80,18.75,31.25,50.0,0.0667,0.08,0.5125
0.3,0.48,5025.0,71,23,66,44.38,14.37,41.25,0.0704,0.2609,0.5455
0.26,0.5,5025.0,66,31,63,41.25,19.38,39.38,0.0758,0.1935,0.5714
0.21,0.33,5025.0,56,17,87,35.0,10.62,54.37,0.0893,0.0,0.4828
0.21,0.37,5025.0,56,27,77,35.0,16.88,48.12,0.0893,0.0741,0.5195
0.21,0.35,5025.0,56,22,82,35.0,13.75,51.25,0.0893,0.0455,0.5
0.21,0.32,5025.0,56,17,87,35.0,10.62,54.37,0.0893,0.0,0.4828
0.15,0.5,5025.0,43,54,63,26.88,33.75,39.38,0.0465,0.1667,0.5714
0.3,0.53,5025.0,71,28,61,44.38,17.5,38.12,0.0704,0.25,0.5738
0.29,0.39,4950.0,69,16,75,43.12,10.0,46.88,0.0725,0.25,0.5067
0.29,0.49,4950.0,69,26,65,43.12,16.25,40.62,0.0725,0.2308,0.5538
0.12,0.34,4875.0,34,43,83,21.25,26.88,51.88,0.0588,0.093,0.494
0.23,0.38,4875.0,62,22,76,38.75,13.75,47.5,0.0806,0.1364,0.5132
0.14,0.38,4875.0,39,45,76,24.38,28.12,47.5,0.0513,0.1333,0.5132
0.19,0.35,4800.0,55,23,82,34.38,14.37,51.25,0.0909,0.0435,0.5
0.2,0.37,4800.0,55,28,77,34.38,17.5,48.12,0.0909,0.0714,0.5195
0.2,0.33,4800.0,55,18,87,34.38,11.25,54.37,0.0909,0.0,0.4828
0.19,0.37,4800.0,55,28,77,34.38,17.5,48.12,0.0909,0.0714,0.5195
0.19,0.32,4800.0,55,18,87,34.38,11.25,54.37,0.0909,0.0,0.4828
0.19,0.33,4800.0,55,18,87,34.38,11.25,54.37,0.0909,0.0,0.4828
0.16,0.48,4800.0,47,47,66,29.38,29.38,41.25,0.0426,0.1915,0.5455
0.25,0.5,4800.0,65,32,63,40.62,20.0,39.38,0.0769,0.1875,0.5714
0.16,0.53,4800.0,47,52,61,29.38,32.5,38.12,0.0426,0.1923,0.5738
0.2,0.35,4800.0,55,23,82,34.38,14.37,51.25,0.0909,0.0435,0.5
0.2,0.32,4800.0,55,18,87,34.38,11.25,54.37,0.0909,0.0,0.4828
0.3,0.51,4650.0,71,27,62,44.38,16.88,38.75,0.0704,0.2593,0.5645
0.3,0.52,4650.0,71,27,62,44.38,16.88,38.75,0.0704,0.2593,0.5645
0.3,0.41,4650.0,71,17,72,44.38,10.62,45.0,0.0704,0.2941,0.5139
0.21,0.34,4650.0,56,21,83,35.0,13.12,51.88,0.0893,0.0476,0.494
0.29,0.53,4575.0,69,30,61,43.12,18.75,38.12,0.0725,0.2333,0.5738
0.29,0.48,4575.0,69,25,66,43.12,15.62,41.25,0.0725,0.24,0.5455
0.24,0.5,4575.0,64,33,63,40.0,20.62,39.38,0.0781,0.1818,0.5714
0.11,0.33,4575.0,31,42,87,19.38,26.25,54.37,0.0645,0.0714,0.4828
0.11,0.35,4575.0,31,47,82,19.38,29.38,51.25,0.0645,0.0851,0.5
0.11,0.32,4575.0,31,42,87,19.38,26.25,54.37,0.0645,0.0714,0.4828
0.11,0.37,4575.0,31,52,77,19.38,32.5,48.12,0.0645,0.0962,0.5195
0.28,0.49,4500.0,67,28,65,41.88,17.5,40.62,0.0746,0.2143,0.5538
0.27,0.39,4500.0,67,18,75,41.88,11.25,46.88,0.0746,0.2222,0.5067
0.27,0.49,4500.0,67,28,65,41.88,17.5,40.62,0.0746,0.2143,0.5538
0.28,0.39,4500.0,67,18,75,41.88,11.25,46.88,0.0746,0.2222,0.5067
0.2,0.34,4425.0,55,22,83,34.38,13.75,51.88,0.0909,0.0455,0.494
0.17,0.5,4425.0,48,49,63,30.0,30.63,39.38,0.0625,0.1633,0.5714
0.22,0.38,4425.0,60,24,76,37.5,15.0,47.5,0.0833,0.125,0.5132
0.16,0.51,4425.0,47,51,62,29.38,31.87,38.75,0.0426,0.1961,0.5645
0.19,0.34,4425.0,55,22,83,34.38,13.75,51.88,0.0909,0.0455,0.494
0.16,0.52,4425.0,47,51,62,29.38,31.87,38.75,0.0426,0.1961,0.5645
0.13,0.38,4425.0,37,47,76,23.12,29.38,47.5,0.0541,0.1277,0.5132
0.16,0.41,4425.0,47,41,72,29.38,25.62,45.0,0.0426,0.1951,0.5139
0.1,0.37,4350.0,30,53,77,18.75,33.12,48.12,0.0667,0.0943,0.5195
0.1,0.35,4350.0,30,48,82,18.75,30.0,51.25,0.0667,0.0833,0.5
0.1,0.32,4350.0,30,43,87,18.75,26.88,54.37,0.0667,0.0698,0.4828
0.1,0.33,4350.0,30,43,87,18.75,26.88,54.37,0.0667,0.0698,0.4828
0.26,0.39,4275.0,66,19,75,41.25,11.88,46.88,0.0758,0.2105,0.5067
0.15,0.39,4275.0,43,42,75,26.88,26.25,46.88,0.0465,0.1667,0.5067
0.26,0.49,4275.0,66,29,65,41.25,18.12,40.62,0.0758,0.2069,0.5538
0.3,0.4,4275.0,71,16,73,44.38,10.0,45.62,0.0704,0.3125,0.5068
0.3,0.47,4275.0,71,21,68,44.38,13.12,42.5,0.0704,0.2857,0.5294
0.3,0.46,4275.0,71,21,68,44.38,13.12,42.5,0.0704,0.2857,0.5294
0.15,0.49,4275.0,43,52,65,26.88,32.5,40.62,0.0465,0.1731,0.5538
0.29,0.52,4200.0,69,29,62,43.12,18.12,38.75,0.0725,0.2414,0.5645
0.29,0.51,4200.0,69,29,62,43.12,18.12,38.75,0.0725,0.2414,0.5645
0.29,0.41,4200.0,69,19,72,43.12,11.88,45.0,0.0725,0.2632,0.5139
0.11,0.34,4200.0,31,46,83,19.38,28.75,51.88,0.0645,0.087,0.494
0.28,0.53,4125.0,67,32,61,41.88,20.0,38.12,0.0746,0.2188,0.5738
0.27,0.48,4125.0,67,27,66,41.88,16.88,41.25,0.0746,0.2222,0.5455
0.27,0.53,4125.0,67,32,61,41.88,20.0,38.12,0.0746,0.2188,0.5738
0.14,0.5,4125.0,39,58,63,24.38,36.25,39.38,0.0513,0.1552,0.5714
0.18,0.38,4125.0,51,33,76,31.87,20.62,47.5,0.0784,0.1212,0.5132
0.23,0.5,4125.0,62,35,63,38.75,21.88,39.38,0.0806,0.1714,0.5714
0.28,0.48,4125.0,67,27,66,41.88,16.88,41.25,0.0746,0.2222,0.5455
0.25,0.39,4050.0,65,20,75,40.62,12.5,46.88,0.0769,0.2,0.5067
0.25,0.49,4050.0,65,30,65,40.62,18.75,40.62,0.0769,0.2,0.5538
0.16,0.4,4050.0,47,40,73,29.38,25.0,45.62,0.0426,0.2,0.5068
0.16,0.47,4050.0,47,45,68,29.38,28.12,42.5,0.0426,0.2,0.5294
0.16,0.46,4050.0,47,45,68,29.38,28.12,42.5,0.0426,0.2,0.5294
0.1,0.34,3975.0,30,47,83,18.75,29.38,51.88,0.0667,0.0851,0.494
0.3,0.45,3900.0,71,20,69,44.38,12.5,43.12,0.0704,0.3,0.5217
0.15,0.48,3900.0,43,51,66,26.88,31.87,41.25,0.0465,0.1765,0.5455
0.26,0.48,3900.0,66,28,66,41.25,17.5,41.25,0.0758,0.2143,0.5455
0.26,0.53,3900.0,66,33,61,41.25,20.62,38.12,0.0758,0.2121,0.5738
0.3,0.44,3900.0,71,20,69,44.38,12.5,43.12,0.0704,0.3,0.5217
0.15,0.53,3900.0,43,56,61,26.88,35.0,38.12,0.0465,0.1786,0.5738
0.24,0.39,3825.0,64,21,75,40.0,13.12,46.88,0.0781,0.1905,0.5067
0.29,0.46,3825.0,69,23,68,43.12,14.37,42.5,0.0725,0.2609,0.5294
0.29,0.47,3825.0,69,23,68,43.12,14.37,42.5,0.0725,0.2609,0.5294
0.24,0.49,3825.0,64,31,65,40.0,19.38,40.62,0.0781,0.1935,0.5538
0.29,0.4,3825.0,69,18,73,43.12,11.25,45.62,0.0725,0.2778,0.5068
0.28,0.41,3750.0,67,21,72,41.88,13.12,45.0,0.0746,0.2381,0.5139
0.27,0.41,3750.0,67,21,72,41.88,13.12,45.0,0.0746,0.2381,0.5139
0.12,0.38,3750.0,34,50,76,21.25,31.25,47.5,0.0588,0.12,0.5132
0.28,0.51,3750.0,67,31,62,41.88,19.38,38.75,0.0746,0.2258,0.5645
0.28,0.52,3750.0,67,31,62,41.88,19.38,38.75,0.0746,0.2258,0.5645
0.27,0.51,3750.0,67,31,62,41.88,19.38,38.75,0.0746,0.2258,0.5645
0.27,0.52,3750.0,67,31,62,41.88,19.38,38.75,0.0746,0.2258,0.5645
0.16,0.44,3675.0,47,44,69,29.38,27.5,43.12,0.0426,0.2045,0.5217
0.16,0.45,3675.0,47,44,69,29.38,27.5,43.12,0.0426,0.2045,0.5217
0.17,0.39,3675.0,48,37,75,30.0,23.12,46.88,0.0625,0.1622,0.5067
0.17,0.49,3675.0,48,47,65,30.0,29.38,40.62,0.0625,0.1702,0.5538
0.13,0.5,3675.0,37,60,63,23.12,37.5,39.38,0.0541,0.15,0.5714
0.22,0.5,3675.0,60,37,63,37.5,23.12,39.38,0.0833,0.1622,0.5714
0.25,0.48,3675.0,65,29,66,40.62,18.12,41.25,0.0769,0.2069,0.5455
0.25,0.53,3675.0,65,34,61,40.62,21.25,38.12,0.0769,0.2059,0.5738
0.21,0.38,3525.0,56,28,76,35.0,17.5,47.5,0.0893,0.1071,0.5132
0.26,0.41,3525.0,66,22,72,41.25,13.75,45.0,0.0758,0.2273,0.5139
0.26,0.51,3525.0,66,32,62,41.25,20.0,38.75,0.0758,0.2188,0.5645
0.26,0.52,3525.0,66,32,62,41.25,20.0,38.75,0.0758,0.2188,0.5645
0.15,0.41,3525.0,43,45,72,26.88,28.12,45.0,0.0465,0.1778,0.5139
0.15,0.52,3525.0,43,55,62,26.88,34.38,38.75,0.0465,0.1818,0.5645
0.3,0.42,3525.0,71,19,70,44.38,11.88,43.75,0.0704,0.3158,0.5143
0.15,0.51,3525.0,43,55,62,26.88,34.38,38.75,0.0465,0.1818,0.5645
0.3,0.43,3525.0,71,19,70,44.38,11.88,43.75,0.0704,0.3158,0.5143
0.29,0.44,3450.0,69,22,69,43.12,13.75,43.12,0.0725,0.2727,0.5217
0.24,0.53,3450.0,64,35,61,40.0,21.88,38.12,0.0781,0.2,0.5738
0.29,0.45,3450.0,69,22,69,43.12,13.75,43.12,0.0725,0.2727,0.5217
0.24,0.48,3450.0,64,30,66,40.0,18.75,41.25,0.0781,0.2,0.5455
0.27,0.46,3375.0,67,25,68,41.88,15.62,42.5,0.0746,0.24,0.5294
0.23,0.49,3375.0,62,33,65,38.75,20.62,40.62,0.0806,0.1818,0.5538
0.14,0.39,3375.0,39,46,75,24.38,28.75,46.88,0.0513,0.1522,0.5067
0.28,0.47,3375.0,67,25,68,41.88,15.62,42.5,0.0746,0.24,0.5294
0.18,0.5,3375.0,51,46,63,31.87,28.75,39.38,0.0784,0.1522,0.5714
0.28,0.46,3375.0,67,25,68,41.88,15.62,42.5,0.0746,0.24,0.5294
0.23,0.39,3375.0,62,23,75,38.75,14.37,46.88,0.0806,0.1739,0.5067
0.28,0.4,3375.0,67,20,73,41.88,12.5,45.62,0.0746,0.25,0.5068
0.14,0.49,3375.0,39,56,65,24.38,35.0,40.62,0.0513,0.1607,0.5538
0.27,0.47,3375.0,67,25,68,41.88,15.62,42.5,0.0746,0.24,0.5294
0.27,0.4,3375.0,67,20,73,41.88,12.5,45.62,0.0746,0.25,0.5068
0.25,0.41,3300.0,65,23,72,40.62,14.37,45.0,0.0769,0.2174,0.5139
0.2,0.38,3300.0,55,29,76,34.38,18.12,47.5,0.0909,0.1034,0.5132
0.17,0.53,3300.0,48,51,61,30.0,31.87,38.12,0.0625,0.1765,0.5738
0.25,0.51,3300.0,65,33,62,40.62,20.62,38.75,0.0769,0.2121,0.5645
0.19,0.38,3300.0,55,29,76,34.38,18.12,47.5,0.0909,0.1034,0.5132
0.25,0.52,3300.0,65,33,62,40.62,20.62,38.75,0.0769,0.2121,0.5645
0.16,0.43,3300.0,47,43,70,29.38,26.88,43.75,0.0426,0.2093,0.5143
0.16,0.42,3300.0,47,43,70,29.38,26.88,43.75,0.0426,0.2093,0.5143
0.17,0.48,3300.0,48,46,66,30.0,28.75,41.25,0.0625,0.1739,0.5455
0.15,0.46,3150.0,43,49,68,26.88,30.63,42.5,0.0465,0.1837,0.5294
0.26,0.46,3150.0,66,26,68,41.25,16.25,42.5,0.0758,0.2308,0.5294
0.26,0.4,3150.0,66,21,73,41.25,13.12,45.62,0.0758,0.2381,0.5068
0.26,0.47,3150.0,66,26,68,41.25,16.25,42.5,0.0758,0.2308,0.5294
0.15,0.4,3150.0,43,44,73,26.88,27.5,45.62,0.0465,0.1818,0.5068
0.15,0.47,3150.0,43,49,68,26.88,30.63,42.5,0.0465,0.1837,0.5294
0.11,0.38,3075.0,31,53,76,19.38,33.12,47.5,0.0645,0.1132,0.5132
0.24,0.41,3075.0,64,24,72,40.0,15.0,45.0,0.0781,0.2083,0.5139
0.24,0.51,3075.0,64,34,62,40.0,21.25,38.75,0.0781,0.2059,0.5645
0.29,0.43,3075.0,69,21,70,43.12,13.12,43.75,0.0725,0.2857,0.5143
0.29,0.42,3075.0,69,21,70,43.12,13.12,43.75,0.0725,0.2857,0.5143
0.24,0.52,3075.0,64,34,62,40.0,21.25,38.75,0.0781,0.2059,0.5645
0.28,0.44,3000.0,67,24,69,41.88,15.0,43.12,0.0746,0.25,0.5217
0.27,0.44,3000.0,67,24,69,41.88,15.0,43.12,0.0746,0.25,0.5217
0.14,0.48,3000.0,39,55,66,24.38,34.38,41.25,0.0513,0.1636,0.5455
0.27,0.45,3000.0,67,24,69,41.88,15.0,43.12,0.0746,0.25,0.5217
0.23,0.48,3000.0,62,32,66,38.75,20.0,41.25,0.0806,0.1875,0.5455
0.28,0.45,3000.0,67,24,69,41.88,15.0,43.12,0.0746,0.25,0.5217
0.23,0.53,3000.0,62,37,61,38.75,23.12,38.12,0.0806,0.1892,0.5738
0.14,0.53,3000.0,39,60,61,24.38,37.5,38.12,0.0513,0.1667,0.5738
0.12,0.5,3000.0,34,63,63,21.25,39.38,39.38,0.0588,0.1429,0.5714
0.13,0.39,2925.0,37,48,75,23.12,30.0,46.88,0.0541,0.1458,0.5067
0.17,0.51,2925.0,48,50,62,30.0,31.25,38.75,0.0625,0.18,0.5645
0.17,0.41,2925.0,48,40,72,30.0,25.0,45.0,0.0625,0.175,0.5139
0.22,0.39,2925.0,60,25,75,37.5,15.62,46.88,0.0833,0.16,0.5067
0.22,0.49,2925.0,60,35,65,37.5,21.88,40.62,0.0833,0.1714,0.5538
0.25,0.46,2925.0,65,27,68,40.62,16.88,42.5,0.0769,0.2222,0.5294
0.25,0.4,2925.0,65,22,73,40.62,13.75,45.62,0.0769,0.2273,0.5068
0.17,0.52,2925.0,48,50,62,30.0,31.25,38.75,0.0625,0.18,0.5645
0.25,0.47,2925.0,65,27,68,40.62,16.88,42.5,0.0769,0.2222,0.5294
0.13,0.49,2925.0,37,58,65,23.12,36.25,40.62,0.0541,0.1552,0.5538
0.1,0.38,2850.0,30,54,76,18.75,33.75,47.5,0.0667,0.1111,0.5132
0.15,0.44,2775.0,43,48,69,26.88,30.0,43.12,0.0465,0.1875,0.5217
0.26,0.45,2775.0,66,25,69,41.25,15.62,43.12,0.0758,0.24,0.5217
0.15,0.45,2775.0,43,48,69,26.88,30.0,43.12,0.0465,0.1875,0.5217
0.26,0.44,2775.0,66,25,69,41.25,15.62,43.12,0.0758,0.24,0.5217
0.21,0.5,2775.0,56,41,63,35.0,25.62,39.38,0.0893,0.1463,0.5714
0.24,0.4,2700.0,64,23,73,40.0,14.37,45.62,0.0781,0.2174,0.5068
0.24,0.47,2700.0,64,28,68,40.0,17.5,42.5,0.0781,0.2143,0.5294
0.24,0.46,2700.0,64,28,68,40.0,17.5,42.5,0.0781,0.2143,0.5294
0.28,0.43,2625.0,67,23,70,41.88,14.37,43.75,0.0746,0.2609,0.5143
0.23,0.51,2625.0,62,36,62,38.75,22.5,38.75,0.0806,0.1944,0.5645
0.23,0.41,2625.0,62,26,72,38.75,16.25,45.0,0.0806,0.1923,0.5139
0.28,0.42,2625.0,67,23,70,41.88,14.37,43.75,0.0746,0.2609,0.5143
0.18,0.49,2625.0,51,44,65,31.87,27.5,40.62,0.0784,0.1591,0.5538
0.14,0.41,2625.0,39,49,72,24.38,30.63,45.0,0.0513,0.1633,0.5139
0.23,0.52,2625.0,62,36,62,38.75,22.5,38.75,0.0806,0.1944,0.5645
0.18,0.39,2625.0,51,34,75,31.87,21.25,46.88,0.0784,0.1471,0.5067
0.14,0.51,2625.0,39,59,62,24.38,36.88,38.75,0.0513,0.1695,0.5645
0.27,0.42,2625.0,67,23,70,41.88,14.37,43.75,0.0746,0.2609,0.5143
0.27,0.43,2625.0,67,23,70,41.88,14.37,43.75,0.0746,0.2609,0.5143
0.14,0.52,2625.0,39,59,62,24.38,36.88,38.75,0.0513,0.1695,0.5645
0.19,0.5,2550.0,55,42,63,34.38,26.25,39.38,0.0909,0.1429,0.5714
0.13,0.48,2550.0,37,57,66,23.12,35.62,41.25,0.0541,0.1579,0.5455
0.25,0.45,2550.0,65,26,69,40.62,16.25,43.12,0.0769,0.2308,0.5217
0.17,0.4,2550.0,48,39,73,30.0,24.38,45.62,0.0625,0.1795,0.5068
0.17,0.46,2550.0,48,44,68,30.0,27.5,42.5,0.0625,0.1818,0.5294
0.22,0.53,2550.0,60,39,61,37.5,24.38,38.12,0.0833,0.1795,0.5738
0.22,0.48,2550.0,60,34,66,37.5,21.25,41.25,0.0833,0.1765,0.5455
0.25,0.44,2550.0,65,26,69,40.62,16.25,43.12,0.0769,0.2308,0.5217
0.13,0.53,2550.0,37,62,61,23.12,38.75,38.12,0.0541,0.1613,0.5738
0.17,0.47,2550.0,48,44,68,30.0,27.5,42.5,0.0625,0.1818,0.5294
0.2,0.5,2550.0,55,42,63,34.38,26.25,39.38,0.0909,0.1429,0.5714
0.15,0.43,2400.0,43,47,70,26.88,29.38,43.75,0.0465,0.1915,0.5143
0.15,0.42,2400.0,43,47,70,26.88,29.38,43.75,0.0465,0.1915,0.5143
0.26,0.43,2400.0,66,24,70,41.25,15.0,43.75,0.0758,0.25,0.5143
0.26,0.42,2400.0,66,24,70,41.25,15.0,43.75,0.0758,0.25,0.5143
0.3,0.54,2400.0,71,31,58,44.38,19.38,36.25,0.0704,0.2903,0.569
0.24,0.45,2325.0,64,27,69,40.0,16.88,43.12,0.0781,0.2222,0.5217
0.24,0.44,2325.0,64,27,69,40.0,16.88,43.12,0.0781,0.2222,0.5217
0.11,0.5,2325.0,31,66,63,19.38,41.25,39.38,0.0645,0.1364,0.5714
0.12,0.39,2250.0,34,51,75,21.25,31.87,46.88,0.0588,0.1373,0.5067
0.12,0.49,2250.0,34,61,65,21.25,38.12,40.62,0.0588,0.1475,0.5538
0.18,0.53,2250.0,51,48,61,31.87,30.0,38.12,0.0784,0.1667,0.5738
0.18,0.48,2250.0,51,43,66,31.87,26.88,41.25,0.0784,0.1628,0.5455
0.23,0.46,2250.0,62,30,68,38.75,18.75,42.5,0.0806,0.2,0.5294
0.14,0.46,2250.0,39,53,68,24.38,33.12,42.5,0.0513,0.1698,0.5294
0.14,0.47,2250.0,39,53,68,24.38,33.12,42.5,0.0513,0.1698,0.5294
0.23,0.47,2250.0,62,30,68,38.75,18.75,42.5,0.0806,0.2,0.5294
0.23,0.4,2250.0,62,25,73,38.75,15.62,45.62,0.0806,0.2,0.5068
0.14,0.4,2250.0,39,48,73,24.38,30.0,45.62,0.0513,0.1667,0.5068
0.13,0.52,2175.0,37,61,62,23.12,38.12,38.75,0.0541,0.1639,0.5645
0.13,0.41,2175.0,37,51,72,23.12,31.87,45.0,0.0541,0.1569,0.5139
0.17,0.45,2175.0,48,43,69,30.0,26.88,43.12,0.0625,0.186,0.5217
0.17,0.44,2175.0,48,43,69,30.0,26.88,43.12,0.0625,0.186,0.5217
0.22,0.52,2175.0,60,38,62,37.5,23.75,38.75,0.0833,0.1842,0.5645
0.25,0.43,2175.0,65,25,70,40.62,15.62,43.75,0.0769,0.24,0.5143
0.13,0.51,2175.0,37,61,62,23.12,38.12,38.75,0.0541,0.1639,0.5645
0.22,0.51,2175.0,60,38,62,37.5,23.75,38.75,0.0833,0.1842,0.5645
0.22,0.41,2175.0,60,28,72,37.5,17.5,45.0,0.0833,0.1786,0.5139
0.16,0.54,2175.0,47,55,58,29.38,34.38,36.25,0.0426,0.2182,0.569
0.25,0.42,2175.0,65,25,70,40.62,15.62,43.75,0.0769,0.24,0.5143
0.1,0.5,2100.0,30,67,63,18.75,41.88,39.38,0.0667,0.1343,0.5714
0.21,0.49,2025.0,56,39,65,35.0,24.38,40.62,0.0893,0.1538,0.5538
0.21,0.39,2025.0,56,29,75,35.0,18.12,46.88,0.0893,0.1379,0.5067
0.24,0.42,1950.0,64,26,70,40.0,16.25,43.75,0.0781,0.2308,0.5143
0.24,0.43,1950.0,64,26,70,40.0,16.25,43.75,0.0781,0.2308,0.5143
0.29,0.54,1950.0,69,33,58,43.12,20.62,36.25,0.0725,0.2727,0.569
0.18,0.52,1875.0,51,47,62,31.87,29.38,38.75,0.0784,0.1702,0.5645
0.23,0.45,1875.0,62,29,69,38.75,18.12,43.12,0.0806,0.2069,0.5217
0.23,0.44,1875.0,62,29,69,38.75,18.12,43.12,0.0806,0.2069,0.5217
0.14,0.45,1875.0,39,52,69,24.38,32.5,43.12,0.0513,0.1731,0.5217
0.12,0.48,1875.0,34,60,66,21.25,37.5,41.25,0.0588,0.15,0.5455
0.18,0.41,1875.0,51,37,72,31.87,23.12,45.0,0.0784,0.1622,0.5139
0.18,0.51,1875.0,51,47,62,31.87,29.38,38.75,0.0784,0.1702,0.5645
0.12,0.53,1875.0,34,65,61,21.25,40.62,38.12,0.0588,0.1538,0.5738
0.14,0.44,1875.0,39,52,69,24.38,32.5,43.12,0.0513,0.1731,0.5217
0.13,0.47,1800.0,37,55,68,23.12,34.38,42.5,0.0541,0.1636,0.5294
0.17,0.43,1800.0,48,42,70,30.0,26.25,43.75,0.0625,0.1905,0.5143
0.13,0.4,1800.0,37,50,73,23.12,31.25,45.62,0.0541,0.16,0.5068
0.2,0.39,1800.0,55,30,75,34.38,18.75,46.88,0.0909,0.1333,0.5067
0.2,0.49,1800.0,55,40,65,34.38,25.0,40.62,0.0909,0.15,0.5538
0.19,0.49,1800.0,55,40,65,34.38,25.0,40.62,0.0909,0.15,0.5538
0.19,0.39,1800.0,55,30,75,34.38,18.75,46.88,0.0909,0.1333,0.5067
0.13,0.46,1800.0,37,55,68,23.12,34.38,42.5,0.0541,0.1636,0.5294
0.22,0.4,1800.0,60,27,73,37.5,16.88,45.62,0.0833,0.1852,0.5068
0.22,0.46,1800.0,60,32,68,37.5,20.0,42.5,0.0833,0.1875,0.5294
0.17,0.42,1800.0,48,42,70,30.0,26.25,43.75,0.0625,0.1905,0.5143
0.22,0.47,1800.0,60,32,68,37.5,20.0,42.5,0.0833,0.1875,0.5294
0.21,0.53,1650.0,56,43,61,35.0,26.88,38.12,0.0893,0.1628,0.5738
0.21,0.48,1650.0,56,38,66,35.0,23.75,41.25,0.0893,0.1579,0.5455
0.11,0.49,1575.0,31,64,65,19.38,40.0,40.62,0.0645,0.1406,0.5538
0.11,0.39,1575.0,31,54,75,19.38,33.75,46.88,0.0645,0.1296,0.5067
0.28,0.54,1500.0,67,35,58,41.88,21.88,36.25,0.0746,0.2571,0.569
0.12,0.41,1500.0,34,54,72,21.25,33.75,45.0,0.0588,0.1481,0.5139
0.12,0.52,1500.0,34,64,62,21.25,40.0,38.75,0.0588,0.1562,0.5645
0.27,0.54,1500.0,67,35,58,41.88,21.88,36.25,0.0746,0.2571,0.569
0.14,0.42,1500.0,39,51,70,24.38,31.87,43.75,0.0513,0.1765,0.5143
0.23,0.43,1500.0,62,28,70,38.75,17.5,43.75,0.0806,0.2143,0.5143
0.23,0.42,1500.0,62,28,70,38.75,17.5,43.75,0.0806,0.2143,0.5143
0.12,0.51,1500.0,34,64,62,21.25,40.0,38.75,0.0588,0.1562,0.5645
0.14,0.43,1500.0,39,51,70,24.38,31.87,43.75,0.0513,0.1765,0.5143
0.18,0.46,1500.0,51,41,68,31.87,25.62,42.5,0.0784,0.1707,0.5294
0.18,0.47,1500.0,51,41,68,31.87,25.62,42.5,0.0784,0.1707,0.5294
0.18,0.4,1500.0,51,36,73,31.87,22.5,45.62,0.0784,0.1667,0.5068
0.22,0.45,1425.0,60,31,69,37.5,19.38,43.12,0.0833,0.1935,0.5217
0.13,0.44,1425.0,37,54,69,23.12,33.75,43.12,0.0541,0.1667,0.5217
0.2,0.53,1425.0,55,44,61,34.38,27.5,38.12,0.0909,0.1591,0.5738
0.2,0.48,1425.0,55,39,66,34.38,24.38,41.25,0.0909,0.1538,0.5455
0.22,0.44,1425.0,60,31,69,37.5,19.38,43.12,0.0833,0.1935,0.5217
0.13,0.45,1425.0,37,54,69,23.12,33.75,43.12,0.0541,0.1667,0.5217
0.19,0.53,1425.0,55,44,61,34.38,27.5,38.12,0.0909,0.1591,0.5738
0.19,0.48,1425.0,55,39,66,34.38,24.38,41.25,0.0909,0.1538,0.5455
0.1,0.39,1350.0,30,55,75,18.75,34.38,46.88,0.0667,0.1273,0.5067
0.1,0.49,1350.0,30,65,65,18.75,40.62,40.62,0.0667,0.1385,0.5538
0.26,0.54,1275.0,66,36,58,41.25,22.5,36.25,0.0758,0.25,0.569
0.15,0.54,1275.0,43,59,58,26.88,36.88,36.25,0.0465,0.2034,0.569
0.21,0.51,1275.0,56,42,62,35.0,26.25,38.75,0.0893,0.1667,0.5645
0.21,0.41,1275.0,56,32,72,35.0,20.0,45.0,0.0893,0.1562,0.5139
0.21,0.52,1275.0,56,42,62,35.0,26.25,38.75,0.0893,0.1667,0.5645
0.11,0.53,1200.0,31,68,61,19.38,42.5,38.12,0.0645,0.1471,0.5738
0.11,0.48,1200.0,31,63,66,19.38,39.38,41.25,0.0645,0.1429,0.5455
0.12,0.4,1125.0,34,53,73,21.25,33.12,45.62,0.0588,0.1509,0.5068
0.18,0.44,1125.0,51,40,69,31.87,25.0,43.12,0.0784,0.175,0.5217
0.12,0.47,1125.0,34,58,68,21.25,36.25,42.5,0.0588,0.1552,0.5294
0.12,0.46,1125.0,34,58,68,21.25,36.25,42.5,0.0588,0.1552,0.5294
0.18,0.45,1125.0,51,40,69,31.87,25.0,43.12,0.0784,0.175,0.5217
0.19,0.52,1050.0,55,43,62,34.38,26.88,38.75,0.0909,0.1628,0.5645
0.2,0.51,1050.0,55,43,62,34.38,26.88,38.75,0.0909,0.1628,0.5645
0.22,0.42,1050.0,60,30,70,37.5,18.75,43.75,0.0833,0.2,0.5143
0.19,0.41,1050.0,55,33,72,34.38,20.62,45.0,0.0909,0.1515,0.5139
0.25,0.54,1050.0,65,37,58,40.62,23.12,36.25,0.0769,0.2432,0.569
0.13,0.43,1050.0,37,53,70,23.12,33.12,43.75,0.0541,0.1698,0.5143
0.13,0.42,1050.0,37,53,70,23.12,33.12,43.75,0.0541,0.1698,0.5143
0.2,0.41,1050.0,55,33,72,34.38,20.62,45.0,0.0909,0.1515,0.5139
0.2,0.52,1050.0,55,43,62,34.38,26.88,38.75,0.0909,0.1628,0.5645
0.22,0.43,1050.0,60,30,70,37.5,18.75,43.75,0.0833,0.2,0.5143
0.19,0.51,1050.0,55,43,62,34.38,26.88,38.75,0.0909,0.1628,0.5645
0.1,0.48,975.0,30,64,66,18.75,40.0,41.25,0.0667,0.1406,0.5455
0.1,0.53,975.0,30,69,61,18.75,43.12,38.12,0.0667,0.1449,0.5738
0.21,0.46,900.0,56,36,68,35.0,22.5,42.5,0.0893,0.1667,0.5294
0.21,0.47,900.0,56,36,68,35.0,22.5,42.5,0.0893,0.1667,0.5294
0.21,0.4,900.0,56,31,73,35.0,19.38,45.62,0.0893,0.1613,0.5068
0.11,0.41,825.0,31,57,72,19.38,35.62,45.0,0.0645,0.1404,0.5139
0.24,0.54,825.0,64,38,58,40.0,23.75,36.25,0.0781,0.2368,0.569
0.11,0.52,825.0,31,67,62,19.38,41.88,38.75,0.0645,0.1493,0.5645
0.11,0.51,825.0,31,67,62,19.38,41.88,38.75,0.0645,0.1493,0.5645
0.12,0.45,750.0,34,57,69,21.25,35.62,43.12,0.0588,0.1579,0.5217
0.18,0.43,750.0,51,39,70,31.87,24.38,43.75,0.0784,0.1795,0.5143
0.12,0.44,750.0,34,57,69,21.25,35.62,43.12,0.0588,0.1579,0.5217
0.18,0.42,750.0,51,39,70,31.87,24.38,43.75,0.0784,0.1795,0.5143
0.19,0.46,675.0,55,37,68,34.38,23.12,42.5,0.0909,0.1622,0.5294
0.2,0.46,675.0,55,37,68,34.38,23.12,42.5,0.0909,0.1622,0.5294
0.17,0.54,675.0,48,54,58,30.0,33.75,36.25,0.0625,0.2037,0.569
0.2,0.4,675.0,55,32,73,34.38,20.0,45.62,0.0909,0.1562,0.5068
0.2,0.47,675.0,55,37,68,34.38,23.12,42.5,0.0909,0.1622,0.5294
0.19,0.47,675.0,55,37,68,34.38,23.12,42.5,0.0909,0.1622,0.5294
0.19,0.4,675.0,55,32,73,34.38,20.0,45.62,0.0909,0.1562,0.5068
0.1,0.41,600.0,30,58,72,18.75,36.25,45.0,0.0667,0.1379,0.5139
0.1,0.52,600.0,30,68,62,18.75,42.5,38.75,0.0667,0.1471,0.5645
0.1,0.51,600.0,30,68,62,18.75,42.5,38.75,0.0667,0.1471,0.5645
0.21,0.44,525.0,56,35,69,35.0,21.88,43.12,0.0893,0.1714,0.5217
0.21,0.45,525.0,56,35,69,35.0,21.88,43.12,0.0893,0.1714,0.5217
0.11,0.47,450.0,31,61,68,19.38,38.12,42.5,0.0645,0.1475,0.5294
0.11,0.4,450.0,31,56,73,19.38,35.0,45.62,0.0645,0.1429,0.5068
0.11,0.46,450.0,31,61,68,19.38,38.12,42.5,0.0645,0.1475,0.5294
0.23,0.54,375.0,62,40,58,38.75,25.0,36.25,0.0806,0.225,0.569
0.12,0.43,375.0,34,56,70,21.25,35.0,43.75,0.0588,0.1607,0.5143
0.12,0.42,375.0,34,56,70,21.25,35.0,43.75,0.0588,0.1607,0.5143
0.14,0.54,375.0,39,63,58,24.38,39.38,36.25,0.0513,0.1905,0.569
0.2,0.44,300.0,55,36,69,34.38,22.5,43.12,0.0909,0.1667,0.5217
0.19,0.45,300.0,55,36,69,34.38,22.5,43.12,0.0909,0.1667,0.5217
0.2,0.45,300.0,55,36,69,34.38,22.5,43.12,0.0909,0.1667,0.5217
0.19,0.44,300.0,55,36,69,34.38,22.5,43.12,0.0909,0.1667,0.5217
0.1,0.4,225.0,30,57,73,18.75,35.62,45.62,0.0667,0.1404,0.5068
0.1,0.46,225.0,30,62,68,18.75,38.75,42.5,0.0667,0.1452,0.5294
0.1,0.47,225.0,30,62,68,18.75,38.75,42.5,0.0667,0.1452,0.5294
0.21,0.43,150.0,56,34,70,35.0,21.25,43.75,0.0893,0.1765,0.5143
0.21,0.42,150.0,56,34,70,35.0,21.25,43.75,0.0893,0.1765,0.5143
0.11,0.44,75.0,31,60,69,19.38,37.5,43.12,0.0645,0.15,0.5217
0.11,0.45,75.0,31,60,69,19.38,37.5,43.12,0.0645,0.15,0.5217
0.2,0.42,-75.0,55,35,70,34.38,21.88,43.75,0.0909,0.1714,0.5143
0.2,0.43,-75.0,55,35,70,34.38,21.88,43.75,0.0909,0.1714,0.5143
0.19,0.43,-75.0,55,35,70,34.38,21.88,43.75,0.0909,0.1714,0.5143
0.13,0.54,-75.0,37,65,58,23.12,40.62,36.25,0.0541,0.1846,0.569
0.19,0.42,-75.0,55,35,70,34.38,21.88,43.75,0.0909,0.1714,0.5143
0.22,0.54,-75.0,60,42,58,37.5,26.25,36.25,0.0833,0.2143,0.569
0.1,0.45,-150.0,30,61,69,18.75,38.12,43.12,0.0667,0.1475,0.5217
0.1,0.44,-150.0,30,61,69,18.75,38.12,43.12,0.0667,0.1475,0.5217
0.3,0.55,-225.0,71,34,55,44.38,21.25,34.38,0.0704,0.3235,0.5636
0.11,0.42,-300.0,31,59,70,19.38,36.88,43.75,0.0645,0.1525,0.5143
0.11,0.43,-300.0,31,59,70,19.38,36.88,43.75,0.0645,0.1525,0.5143
0.18,0.54,-375.0,51,51,58,31.87,31.87,36.25,0.0784,0.1961,0.569
0.16,0.55,-450.0,47,58,55,29.38,36.25,34.38,0.0426,0.2414,0.5636
0.1,0.43,-525.0,30,60,70,18.75,37.5,43.75,0.0667,0.15,0.5143
0.1,0.42,-525.0,30,60,70,18.75,37.5,43.75,0.0667,0.15,0.5143
0.29,0.55,-675.0,69,36,55,43.12,22.5,34.38,0.0725,0.3056,0.5636
0.12,0.54,-750.0,34,68,58,21.25,42.5,36.25,0.0588,0.1765,0.569
0.3,0.57,-975.0,71,37,52,44.38,23.12,32.5,0.0704,0.3243,0.5769
0.21,0.54,-975.0,56,46,58,35.0,28.75,36.25,0.0893,0.1957,0.569
0.27,0.55,-1125.0,67,38,55,41.88,23.75,34.38,0.0746,0.2895,0.5636
0.28,0.55,-1125.0,67,38,55,41.88,23.75,34.38,0.0746,0.2895,0.5636
0.19,0.54,-1200.0,55,47,58,34.38,29.38,36.25,0.0909,0.1915,0.569
0.2,0.54,-1200.0,55,47,58,34.38,29.38,36.25,0.0909,0.1915,0.569
0.16,0.57,-1200.0,47,61,52,29.38,38.12,32.5,0.0426,0.2459,0.5769
0.15,0.55,-1350.0,43,62,55,26.88,38.75,34.38,0.0465,0.2258,0.5636
0.26,0.55,-1350.0,66,39,55,41.25,24.38,34.38,0.0758,0.2821,0.5636
0.11,0.54,-1425.0,31,71,58,19.38,44.38,36.25,0.0645,0.169,0.569
0.29,0.57,-1425.0,69,39,52,43.12,24.38,32.5,0.0725,0.3077,0.5769
0.25,0.55,-1575.0,65,40,55,40.62,25.0,34.38,0.0769,0.275,0.5636
0.1,0.54,-1650.0,30,72,58,18.75,45.0,36.25,0.0667,0.1667,0.569
0.3,0.56,-1725.0,71,35,54,44.38,21.88,33.75,0.0704,0.3429,0.5556
0.24,0.55,-1800.0,64,41,55,40.0,25.62,34.38,0.0781,0.2683,0.5636
0.28,0.57,-1875.0,67,41,52,41.88,25.62,32.5,0.0746,0.2927,0.5769
0.27,0.57,-1875.0,67,41,52,41.88,25.62,32.5,0.0746,0.2927,0.5769
0.17,0.55,-1950.0,48,57,55,30.0,35.62,34.38,0.0625,0.2281,0.5636
0.16,0.56,-1950.0,47,59,54,29.38,36.88,33.75,0.0426,0.2542,0.5556
0.15,0.57,-2100.0,43,65,52,26.88,40.62,32.5,0.0465,0.2308,0.5769
0.26,0.57,-2100.0,66,42,52,41.25,26.25,32.5,0.0758,0.2857,0.5769
0.29,0.56,-2175.0,69,37,54,43.12,23.12,33.75,0.0725,0.3243,0.5556
0.14,0.55,-2250.0,39,66,55,24.38,41.25,34.38,0.0513,0.2121,0.5636
0.23,0.55,-2250.0,62,43,55,38.75,26.88,34.38,0.0806,0.2558,0.5636
0.25,0.57,-2325.0,65,43,52,40.62,26.88,32.5,0.0769,0.2791,0.5769
0.24,0.57,-2550.0,64,44,52,40.0,27.5,32.5,0.0781,0.2727,0.5769
0.28,0.56,-2625.0,67,39,54,41.88,24.38,33.75,0.0746,0.3077,0.5556
0.27,0.56,-2625.0,67,39,54,41.88,24.38,33.75,0.0746,0.3077,0.5556
0.22,0.55,-2700.0,60,45,55,37.5,28.12,34.38,0.0833,0.2444,0.5636
0.17,0.57,-2700.0,48,60,52,30.0,37.5,32.5,0.0625,0.2333,0.5769
0.13,0.55,-2700.0,37,68,55,23.12,42.5,34.38,0.0541,0.2059,0.5636
0.15,0.56,-2850.0,43,63,54,26.88,39.38,33.75,0.0465,0.2381,0.5556
0.26,0.56,-2850.0,66,40,54,41.25,25.0,33.75,0.0758,0.3,0.5556
0.18,0.55,-3000.0,51,54,55,31.87,33.75,34.38,0.0784,0.2222,0.5636
0.23,0.57,-3000.0,62,46,52,38.75,28.75,32.5,0.0806,0.2609,0.5769
0.14,0.57,-3000.0,39,69,52,24.38,43.12,32.5,0.0513,0.2174,0.5769
0.25,0.56,-3075.0,65,41,54,40.62,25.62,33.75,0.0769,0.2927,0.5556
0.24,0.56,-3300.0,64,42,54,40.0,26.25,33.75,0.0781,0.2857,0.5556
0.12,0.55,-3375.0,34,71,55,21.25,44.38,34.38,0.0588,0.1972,0.5636
0.17,0.56,-3450.0,48,58,54,30.0,36.25,33.75,0.0625,0.2414,0.5556
0.22,0.57,-3450.0,60,48,52,37.5,30.0,32.5,0.0833,0.25,0.5769
0.13,0.57,-3450.0,37,71,52,23.12,44.38,32.5,0.0541,0.2113,0.5769
0.21,0.55,-3600.0,56,49,55,35.0,30.63,34.38,0.0893,0.2245,0.5636
0.18,0.57,-3750.0,51,57,52,31.87,35.62,32.5,0.0784,0.2281,0.5769
0.14,0.56,-3750.0,39,67,54,24.38,41.88,33.75,0.0513,0.2239,0.5556
0.23,0.56,-3750.0,62,44,54,38.75,27.5,33.75,0.0806,0.2727,0.5556
0.2,0.55,-3825.0,55,50,55,34.38,31.25,34.38,0.0909,0.22,0.5636
0.19,0.55,-3825.0,55,50,55,34.38,31.25,34.38,0.0909,0.22,0.5636
0.3,0.58,-3975.0,71,39,50,44.38,24.38,31.25,0.0704,0.359,0.56
0.11,0.55,-4050.0,31,74,55,19.38,46.25,34.38,0.0645,0.1892,0.5636
0.12,0.57,-4125.0,34,74,52,21.25,46.25,32.5,0.0588,0.2027,0.5769
0.22,0.56,-4200.0,60,46,54,37.5,28.75,33.75,0.0833,0.2609,0.5556
0.13,0.56,-4200.0,37,69,54,23.12,43.12,33.75,0.0541,0.2174,0.5556
0.16,0.58,-4200.0,47,63,50,29.38,39.38,31.25,0.0426,0.2698,0.56
0.1,0.55,-4275.0,30,75,55,18.75,46.88,34.38,0.0667,0.1867,0.5636
0.21,0.57,-4350.0,56,52,52,35.0,32.5,32.5,0.0893,0.2308,0.5769
0.29,0.58,-4425.0,69,41,50,43.12,25.62,31.25,0.0725,0.3415,0.56
0.18,0.56,-4500.0,51,55,54,31.87,34.38,33.75,0.0784,0.2364,0.5556
0.19,0.57,-4575.0,55,53,52,34.38,33.12,32.5,0.0909,0.2264,0.5769
0.2,0.57,-4575.0,55,53,52,34.38,33.12,32.5,0.0909,0.2264,0.5769
0.3,0.59,-4725.0,71,42,47,44.38,26.25,29.38,0.0704,0.3571,0.5745
0.11,0.57,-4800.0,31,77,52,19.38,48.12,32.5,0.0645,0.1948,0.5769
0.12,0.56,-4875.0,34,72,54,21.25,45.0,33.75,0.0588,0.2083,0.5556
0.27,0.58,-4875.0,67,43,50,41.88,26.88,31.25,0.0746,0.3256,0.56
0.28,0.58,-4875.0,67,43,50,41.88,26.88,31.25,0.0746,0.3256,0.56
0.16,0.59,-4950.0,47,66,47,29.38,41.25,29.38,0.0426,0.2727,0.5745
0.1,0.57,-5025.0,30,78,52,18.75,48.75,32.5,0.0667,0.1923,0.5769
0.26,0.58,-5100.0,66,44,50,41.25,27.5,31.25,0.0758,0.3182,0.56
0.21,0.56,-5100.0,56,50,54,35.0,31.25,33.75,0.0893,0.24,0.5556
0.15,0.58,-5100.0,43,67,50,26.88,41.88,31.25,0.0465,0.2537,0.56
0.29,0.59,-5175.0,69,44,47,43.12,27.5,29.38,0.0725,0.3409,0.5745
0.19,0.56,-5325.0,55,51,54,34.38,31.87,33.75,0.0909,0.2353,0.5556
0.2,0.56,-5325.0,55,51,54,34.38,31.87,33.75,0.0909,0.2353,0.5556
0.25,0.58,-5325.0,65,45,50,40.62,28.12,31.25,0.0769,0.3111,0.56
0.11,0.56,-5550.0,31,75,54,19.38,46.88,33.75,0.0645,0.2,0.5556
0.24,0.58,-5550.0,64,46,50,40.0,28.75,31.25,0.0781,0.3043,0.56
0.28,0.59,-5625.0,67,46,47,41.88,28.75,29.38,0.0746,0.3261,0.5745
0.27,0.59,-5625.0,67,46,47,41.88,28.75,29.38,0.0746,0.3261,0.5745
0.17,0.58,-5700.0,48,62,50,30.0,38.75,31.25,0.0625,0.2581,0.56
0.1,0.56,-5775.0,30,76,54,18.75,47.5,33.75,0.0667,0.1974,0.5556
0.15,0.59,-5850.0,43,70,47,26.88,43.75,29.38,0.0465,0.2571,0.5745
0.26,0.59,-5850.0,66,47,47,41.25,29.38,29.38,0.0758,0.3191,0.5745
0.23,0.58,-6000.0,62,48,50,38.75,30.0,31.25,0.0806,0.2917,0.56
0.14,0.58,-6000.0,39,71,50,24.38,44.38,31.25,0.0513,0.2394,0.56
0.25,0.59,-6075.0,65,48,47,40.62,30.0,29.38,0.0769,0.3125,0.5745
0.3,0.6,-6225.0,71,43,46,44.38,26.88,28.75,0.0704,0.3721,0.5652
0.24,0.59,-6300.0,64,49,47,40.0,30.63,29.38,0.0781,0.3061,0.5745
0.13,0.58,-6450.0,37,73,50,23.12,45.62,31.25,0.0541,0.2329,0.56
0.22,0.58,-6450.0,60,50,50,37.5,31.25,31.25,0.0833,0.28,0.56
0.17,0.59,-6450.0,48,65,47,30.0,40.62,29.38,0.0625,0.2615,0.5745
0.16,0.6,-6450.0,47,67,46,29.38,41.88,28.75,0.0426,0.2836,0.5652
0.29,0.6,-6675.0,69,45,46,43.12,28.12,28.75,0.0725,0.3556,0.5652
0.18,0.58,-6750.0,51,59,50,31.87,36.88,31.25,0.0784,0.2542,0.56
0.14,0.59,-6750.0,39,74,47,24.38,46.25,29.38,0.0513,0.2432,0.5745
0.23,0.59,-6750.0,62,51,47,38.75,31.87,29.38,0.0806,0.2941,0.5745
0.3,0.61,-6975.0,71,46,43,44.38,28.75,26.88,0.0704,0.3696,0.5814
0.27,0.6,-7125.0,67,47,46,41.88,29.38,28.75,0.0746,0.3404,0.5652
0.28,0.6,-7125.0,67,47,46,41.88,29.38,28.75,0.0746,0.3404,0.5652
0.12,0.58,-7125.0,34,76,50,21.25,47.5,31.25,0.0588,0.2237,0.56
0.16,0.61,-7200.0,47,70,43,29.38,43.75,26.88,0.0426,0.2857,0.5814
0.13,0.59,-7200.0,37,76,47,23.12,47.5,29.38,0.0541,0.2368,0.5745
0.22,0.59,-7200.0,60,53,47,37.5,33.12,29.38,0.0833,0.283,0.5745
0.26,0.6,-7350.0,66,48,46,41.25,30.0,28.75,0.0758,0.3333,0.5652
0.21,0.58,-7350.0,56,54,50,35.0,33.75,31.25,0.0893,0.2593,0.56
0.15,0.6,-7350.0,43,71,46,26.88,44.38,28.75,0.0465,0.2676,0.5652
0.29,0.61,-7425.0,69,48,43,43.12,30.0,26.88,0.0725,0.3542,0.5814
0.18,0.59,-7500.0,51,62,47,31.87,38.75,29.38,0.0784,0.2581,0.5745
0.2,0.58,-7575.0,55,55,50,34.38,34.38,31.25,0.0909,0.2545,0.56
0.25,0.6,-7575.0,65,49,46,40.62,30.63,28.75,0.0769,0.3265,0.5652
0.19,0.58,-7575.0,55,55,50,34.38,34.38,31.25,0.0909,0.2545,0.56
0.3,0.66,-7725.0,71,54,35,44.38,33.75,21.88,0.0704,0.3519,0.6571
0.11,0.58,-7800.0,31,79,50,19.38,49.38,31.25,0.0645,0.2152,0.56
0.24,0.6,-7800.0,64,50,46,40.0,31.25,28.75,0.0781,0.32,0.5652
0.28,0.61,-7875.0,67,50,43,41.88,31.25,26.88,0.0746,0.34,0.5814
0.27,0.61,-7875.0,67,50,43,41.88,31.25,26.88,0.0746,0.34,0.5814
0.12,0.59,-7875.0,34,79,47,21.25,49.38,29.38,0.0588,0.2278,0.5745
0.17,0.6,-7950.0,48,66,46,30.0,41.25,28.75,0.0625,0.2727,0.5652
0.16,0.66,-7950.0,47,78,35,29.38,48.75,21.88,0.0426,0.2821,0.6571
0.1,0.58,-8025.0,30,80,50,18.75,50.0,31.25,0.0667,0.2125,0.56
0.3,0.65,-8100.0,71,53,36,44.38,33.12,22.5,0.0704,0.3585,0.6389
0.26,0.61,-8100.0,66,51,43,41.25,31.87,26.88,0.0758,0.3333,0.5814
0.21,0.59,-8100.0,56,57,47,35.0,35.62,29.38,0.0893,0.2632,0.5745
0.15,0.61,-8100.0,43,74,43,26.88,46.25,26.88,0.0465,0.2703,0.5814
0.29,0.66,-8175.0,69,56,35,43.12,35.0,21.88,0.0725,0.3393,0.6571
0.14,0.6,-8250.0,39,75,46,24.38,46.88,28.75,0.0513,0.2533,0.5652
0.23,0.6,-8250.0,62,52,46,38.75,32.5,28.75,0.0806,0.3077,0.5652
0.2,0.59,-8325.0,55,58,47,34.38,36.25,29.38,0.0909,0.2586,0.5745
0.19,0.59,-8325.0,55,58,47,34.38,36.25,29.38,0.0909,0.2586,0.5745
0.25,0.61,-8325.0,65,52,43,40.62,32.5,26.88,0.0769,0.3269,0.5814
0.16,0.65,-8325.0,47,77,36,29.38,48.12,22.5,0.0426,0.2857,0.6389
0.3,0.64,-8475.0,71,52,37,44.38,32.5,23.12,0.0704,0.3654,0.6216
0.29,0.65,-8550.0,69,55,36,43.12,34.38,22.5,0.0725,0.3455,0.6389
0.11,0.59,-8550.0,31,82,47,19.38,51.25,29.38,0.0645,0.2195,0.5745
0.24,0.61,-8550.0,64,53,43,40.0,33.12,26.88,0.0781,0.3208,0.5814
0.28,0.66,-8625.0,67,58,35,41.88,36.25,21.88,0.0746,0.3276,0.6571
0.27,0.66,-8625.0,67,58,35,41.88,36.25,21.88,0.0746,0.3276,0.6571
0.13,0.6,-8700.0,37,77,46,23.12,48.12,28.75,0.0541,0.2468,0.5652
0.16,0.64,-8700.0,47,76,37,29.38,47.5,23.12,0.0426,0.2895,0.6216
0.17,0.61,-8700.0,48,69,43,30.0,43.12,26.88,0.0625,0.2754,0.5814
0.22,0.6,-8700.0,60,54,46,37.5,33.75,28.75,0.0833,0.2963,0.5652
0.1,0.59,-8775.0,30,83,47,18.75,51.88,29.38,0.0667,0.2169,0.5745
0.15,0.66,-8850.0,43,82,35,26.88,51.25,21.88,0.0465,0.2683,0.6571
0.26,0.66,-8850.0,66,59,35,41.25,36.88,21.88,0.0758,0.322,0.6571
0.3,0.67,-8850.0,71,56,33,44.38,35.0,20.62,0.0704,0.3571,0.6667
0.29,0.64,-8925.0,69,54,37,43.12,33.75,23.12,0.0725,0.3519,0.6216
0.14,0.61,-9000.0,39,78,43,24.38,48.75,26.88,0.0513,0.2564,0.5814
0.23,0.61,-9000.0,62,55,43,38.75,34.38,26.88,0.0806,0.3091,0.5814
0.27,0.65,-9000.0,67,57,36,41.88,35.62,22.5,0.0746,0.3333,0.6389
0.18,0.6,-9000.0,51,63,46,31.87,39.38,28.75,0.0784,0.2698,0.5652
0.28,0.65,-9000.0,67,57,36,41.88,35.62,22.5,0.0746,0.3333,0.6389
0.25,0.66,-9075.0,65,60,35,40.62,37.5,21.88,0.0769,0.3167,0.6571
0.16,0.67,-9075.0,47,80,33,29.38,50.0,20.62,0.0426,0.2875,0.6667
0.26,0.65,-9225.0,66,58,36,41.25,36.25,22.5,0.0758,0.3276,0.6389
0.3,0.63,-9225.0,71,50,39,44.38,31.25,24.38,0.0704,0.38,0.5897
0.15,0.65,-9225.0,43,81,36,26.88,50.62,22.5,0.0465,0.2716,0.6389
0.29,0.67,-9300.0,69,58,33,43.12,36.25,20.62,0.0725,0.3448,0.6667
0.24,0.66,-9300.0,64,61,35,40.0,38.12,21.88,0.0781,0.3115,0.6571
0.28,0.64,-9375.0,67,56,37,41.88,35.0,23.12,0.0746,0.3393,0.6216
0.12,0.6,-9375.0,34,80,46,21.25,50.0,28.75,0.0588,0.2375,0.5652
0.27,0.64,-9375.0,67,56,37,41.88,35.0,23.12,0.0746,0.3393,0.6216
0.22,0.61,-9450.0,60,57,43,37.5,35.62,26.88,0.0833,0.2982,0.5814
0.25,0.65,-9450.0,65,59,36,40.62,36.88,22.5,0.0769,0.322,0.6389
0.16,0.63,-9450.0,47,74,39,29.38,46.25,24.38,0.0426,0.2973,0.5897
0.13,0.61,-9450.0,37,80,43,23.12,50.0,26.88,0.0541,0.25,0.5814
0.17,0.66,-9450.0,48,77,35,30.0,48.12,21.88,0.0625,0.2727,0.6571
0.15,0.64,-9600.0,43,80,37,26.88,50.0,23.12,0.0465,0.275,0.6216
0.3,0.62,-9600.0,71,49,40,44.38,30.63,25.0,0.0704,0.3878,0.575
0.21,0.6,-9600.0,56,58,46,35.0,36.25,28.75,0.0893,0.2759,0.5652
0.26,0.64,-9600.0,66,57,37,41.25,35.62,23.12,0.0758,0.3333,0.6216
0.29,0.63,-9675.0,69,52,39,43.12,32.5,24.38,0.0725,0.3654,0.5897
0.24,0.65,-9675.0,64,60,36,40.0,37.5,22.5,0.0781,0.3167,0.6389
0.28,0.67,-9750.0,67,60,33,41.88,37.5,20.62,0.0746,0.3333,0.6667
0.27,0.67,-9750.0,67,60,33,41.88,37.5,20.62,0.0746,0.3333,0.6667
0.14,0.66,-9750.0,39,86,35,24.38,53.75,21.88,0.0513,0.2558,0.6571
0.18,0.61,-9750.0,51,66,43,31.87,41.25,26.88,0.0784,0.2727,0.5814
0.23,0.66,-9750.0,62,63,35,38.75,39.38,21.88,0.0806,0.3016,0.6571
0.16,0.62,-9825.0,47,73,40,29.38,45.62,25.0,0.0426,0.3014,0.575
0.19,0.6,-9825.0,55,59,46,34.38,36.88,28.75,0.0909,0.2712,0.5652
0.2,0.6,-9825.0,55,59,46,34.38,36.88,28.75,0.0909,0.2712,0.5652
0.17,0.65,-9825.0,48,76,36,30.0,47.5,22.5,0.0625,0.2763,0.6389
0.25,0.64,-9825.0,65,58,37,40.62,36.25,23.12,0.0769,0.3276,0.6216
0.3,0.69,-9975.0,71,58,31,44.38,36.25,19.38,0.0704,0.3621,0.6774
0.15,0.67,-9975.0,43,84,33,26.88,52.5,20.62,0.0465,0.2738,0.6667
0.3,0.7,-9975.0,71,58,31,44.38,36.25,19.38,0.0704,0.3621,0.6774
0.3,0.68,-9975.0,71,58,31,44.38,36.25,19.38,0.0704,0.3621,0.6774
0.26,0.67,-9975.0,66,61,33,41.25,38.12,20.62,0.0758,0.3279,0.6667
0.11,0.6,-10050.0,31,83,46,19.38,51.88,28.75,0.0645,0.2289,0.5652
0.29,0.62,-10050.0,69,51,40,43.12,31.87,25.0,0.0725,0.3725,0.575
0.24,0.64,-10050.0,64,59,37,40.0,36.88,23.12,0.0781,0.322,0.6216
0.23,0.65,-10125.0,62,62,36,38.75,38.75,22.5,0.0806,0.3065,0.6389
0.28,0.63,-10125.0,67,54,39,41.88,33.75,24.38,0.0746,0.3519,0.5897
0.14,0.65,-10125.0,39,85,36,24.38,53.12,22.5,0.0513,0.2588,0.6389
0.27,0.63,-10125.0,67,54,39,41.88,33.75,24.38,0.0746,0.3519,0.5897
0.12,0.61,-10125.0,34,83,43,21.25,51.88,26.88,0.0588,0.241,0.5814
0.16,0.7,-10200.0,47,82,31,29.38,51.25,19.38,0.0426,0.2927,0.6774
0.16,0.68,-10200.0,47,82,31,29.38,51.25,19.38,0.0426,0.2927,0.6774
0.16,0.69,-10200.0,47,82,31,29.38,51.25,19.38,0.0426,0.2927,0.6774
0.22,0.66,-10200.0,60,65,35,37.5,40.62,21.88,0.0833,0.2923,0.6571
0.17,0.64,-10200.0,48,75,37,30.0,46.88,23.12,0.0625,0.28,0.6216
0.25,0.67,-10200.0,65,62,33,40.62,38.75,20.62,0.0769,0.3226,0.6667
0.13,0.66,-10200.0,37,88,35,23.12,55.0,21.88,0.0541,0.25,0.6571
0.1,0.6,-10275.0,30,84,46,18.75,52.5,28.75,0.0667,0.2262,0.5652
0.21,0.61,-10350.0,56,61,43,35.0,38.12,26.88,0.0893,0.2787,0.5814
0.15,0.63,-10350.0,43,78,39,26.88,48.75,24.38,0.0465,0.2821,0.5897
0.26,0.63,-10350.0,66,55,39,41.25,34.38,24.38,0.0758,0.3455,0.5897
0.24,0.67,-10425.0,64,63,33,40.0,39.38,20.62,0.0781,0.3175,0.6667
0.29,0.68,-10425.0,69,60,31,43.12,37.5,19.38,0.0725,0.35,0.6774
0.29,0.7,-10425.0,69,60,31,43.12,37.5,19.38,0.0725,0.35,0.6774
0.29,0.69,-10425.0,69,60,31,43.12,37.5,19.38,0.0725,0.35,0.6774
0.28,0.62,-10500.0,67,53,40,41.88,33.12,25.0,0.0746,0.3585,0.575
0.27,0.62,-10500.0,67,53,40,41.88,33.12,25.0,0.0746,0.3585,0.575
0.23,0.64,-10500.0,62,61,37,38.75,38.12,23.12,0.0806,0.3115,0.6216
0.18,0.66,-10500.0,51,74,35,31.87,46.25,21.88,0.0784,0.2703,0.6571
0.14,0.64,-10500.0,39,84,37,24.38,52.5,23.12,0.0513,0.2619,0.6216
0.17,0.67,-10575.0,48,79,33,30.0,49.38,20.62,0.0625,0.2785,0.6667
0.13,0.65,-10575.0,37,87,36,23.12,54.37,22.5,0.0541,0.2529,0.6389
0.25,0.63,-10575.0,65,56,39,40.62,35.0,24.38,0.0769,0.3393,0.5897
0.22,0.65,-10575.0,60,64,36,37.5,40.0,22.5,0.0833,0.2969,0.6389
0.2,0.61,-10575.0,55,62,43,34.38,38.75,26.88,0.0909,0.2742,0.5814
0.19,0.61,-10575.0,55,62,43,34.38,38.75,26.88,0.0909,0.2742,0.5814
0.15,0.62,-10725.0,43,77,40,26.88,48.12,25.0,0.0465,0.2857,0.575
0.26,0.62,-10725.0,66,54,40,41.25,33.75,25.0,0.0758,0.3519,0.575
0.24,0.63,-10800.0,64,57,39,40.0,35.62,24.38,0.0781,0.3333,0.5897
0.11,0.61,-10800.0,31,86,43,19.38,53.75,26.88,0.0645,0.2326,0.5814
0.28,0.69,-10875.0,67,62,31,41.88,38.75,19.38,0.0746,0.3387,0.6774
0.28,0.68,-10875.0,67,62,31,41.88,38.75,19.38,0.0746,0.3387,0.6774
0.27,0.69,-10875.0,67,62,31,41.88,38.75,19.38,0.0746,0.3387,0.6774
0.27,0.7,-10875.0,67,62,31,41.88,38.75,19.38,0.0746,0.3387,0.6774
0.27,0.68,-10875.0,67,62,31,41.88,38.75,19.38,0.0746,0.3387,0.6774
0.28,0.7,-10875.0,67,62,31,41.88,38.75,19.38,0.0746,0.3387,0.6774
0.14,0.67,-10875.0,39,88,33,24.38,55.0,20.62,0.0513,0.2614,0.6667
0.12,0.66,-10875.0,34,91,35,21.25,56.88,21.88,0.0588,0.2418,0.6571
0.23,0.67,-10875.0,62,65,33,38.75,40.62,20.62,0.0806,0.3077,0.6667
0.18,0.65,-10875.0,51,73,36,31.87,45.62,22.5,0.0784,0.274,0.6389
0.22,0.64,-10950.0,60,63,37,37.5,39.38,23.12,0.0833,0.3016,0.6216
0.25,0.62,-10950.0,65,55,40,40.62,34.38,25.0,0.0769,0.3455,0.575
0.13,0.64,-10950.0,37,86,37,23.12,53.75,23.12,0.0541,0.2558,0.6216
0.17,0.63,-10950.0,48,73,39,30.0,45.62,24.38,0.0625,0.2877,0.5897
0.1,0.61,-11025.0,30,87,43,18.75,54.37,26.88,0.0667,0.2299,0.5814
0.26,0.7,-11100.0,66,63,31,41.25,39.38,19.38,0.0758,0.3333,0.6774
0.26,0.69,-11100.0,66,63,31,41.25,39.38,19.38,0.0758,0.3333,0.6774
0.21,0.66,-11100.0,56,69,35,35.0,43.12,21.88,0.0893,0.2754,0.6571
0.15,0.68,-11100.0,43,86,31,26.88,53.75,19.38,0.0465,0.2791,0.6774
0.15,0.69,-11100.0,43,86,31,26.88,53.75,19.38,0.0465,0.2791,0.6774
0.26,0.68,-11100.0,66,63,31,41.25,39.38,19.38,0.0758,0.3333,0.6774
0.15,0.7,-11100.0,43,86,31,26.88,53.75,19.38,0.0465,0.2791,0.6774
0.24,0.62,-11175.0,64,56,40,40.0,35.0,25.0,0.0781,0.3393,0.575
0.14,0.63,-11250.0,39,82,39,24.38,51.25,24.38,0.0513,0.2683,0.5897
0.18,0.64,-11250.0,51,72,37,31.87,45.0,23.12,0.0784,0.2778,0.6216
0.12,0.65,-11250.0,34,90,36,21.25,56.25,22.5,0.0588,0.2444,0.6389
0.23,0.63,-11250.0,62,59,39,38.75,36.88,24.38,0.0806,0.322,0.5897
0.17,0.62,-11325.0,48,72,40,30.0,45.0,25.0,0.0625,0.2917,0.575
0.22,0.67,-11325.0,60,67,33,37.5,41.88,20.62,0.0833,0.2985,0.6667
0.25,0.68,-11325.0,65,64,31,40.62,40.0,19.38,0.0769,0.3281,0.6774
0.13,0.67,-11325.0,37,90,33,23.12,56.25,20.62,0.0541,0.2556,0.6667
0.2,0.66,-11325.0,55,70,35,34.38,43.75,21.88,0.0909,0.2714,0.6571
0.25,0.7,-11325.0,65,64,31,40.62,40.0,19.38,0.0769,0.3281,0.6774
0.19,0.66,-11325.0,55,70,35,34.38,43.75,21.88,0.0909,0.2714,0.6571
0.25,0.69,-11325.0,65,64,31,40.62,40.0,19.38,0.0769,0.3281,0.6774
0.21,0.65,-11475.0,56,68,36,35.0,42.5,22.5,0.0893,0.2794,0.6389
0.24,0.69,-11550.0,64,65,31,40.0,40.62,19.38,0.0781,0.3231,0.6774
0.24,0.7,-11550.0,64,65,31,40.0,40.62,19.38,0.0781,0.3231,0.6774
0.11,0.66,-11550.0,31,94,35,19.38,58.75,21.88,0.0645,0.234,0.6571
0.24,0.68,-11550.0,64,65,31,40.0,40.62,19.38,0.0781,0.3231,0.6774
0.12,0.64,-11625.0,34,89,37,21.25,55.62,23.12,0.0588,0.2472,0.6216
0.23,0.62,-11625.0,62,58,40,38.75,36.25,25.0,0.0806,0.3276,0.575
0.14,0.62,-11625.0,39,81,40,24.38,50.62,25.0,0.0513,0.2716,0.575
0.18,0.67,-11625.0,51,76,33,31.87,47.5,20.62,0.0784,0.2763,0.6667
0.2,0.65,-11700.0,55,69,36,34.38,43.12,22.5,0.0909,0.2754,0.6389
0.17,0.69,-11700.0,48,81,31,30.0,50.62,19.38,0.0625,0.284,0.6774
0.13,0.63,-11700.0,37,84,39,23.12,52.5,24.38,0.0541,0.2619,0.5897
0.17,0.7,-11700.0,48,81,31,30.0,50.62,19.38,0.0625,0.284,0.6774
0.19,0.65,-11700.0,55,69,36,34.38,43.12,22.5,0.0909,0.2754,0.6389
0.17,0.68,-11700.0,48,81,31,30.0,50.62,19.38,0.0625,0.284,0.6774
0.22,0.63,-11700.0,60,61,39,37.5,38.12,24.38,0.0833,0.3115,0.5897
0.1,0.66,-11775.0,30,95,35,18.75,59.38,21.88,0.0667,0.2316,0.6571
0.21,0.64,-11850.0,56,67,37,35.0,41.88,23.12,0.0893,0.2836,0.6216
0.11,0.65,-11925.0,31,93,36,19.38,58.13,22.5,0.0645,0.2366,0.6389
0.18,0.63,-12000.0,51,70,39,31.87,43.75,24.38,0.0784,0.2857,0.5897
0.12,0.67,-12000.0,34,93,33,21.25,58.13,20.62,0.0588,0.2473,0.6667
0.14,0.69,-12000.0,39,90,31,24.38,56.25,19.38,0.0513,0.2667,0.6774
0.23,0.7,-12000.0,62,67,31,38.75,41.88,19.38,0.0806,0.3134,0.6774
0.23,0.69,-12000.0,62,67,31,38.75,41.88,19.38,0.0806,0.3134,0.6774
0.14,0.7,-12000.0,39,90,31,24.38,56.25,19.38,0.0513,0.2667,0.6774
0.14,0.68,-12000.0,39,90,31,24.38,56.25,19.38,0.0513,0.2667,0.6774
0.23,0.68,-12000.0,62,67,31,38.75,41.88,19.38,0.0806,0.3134,0.6774
0.19,0.64,-12075.0,55,68,37,34.38,42.5,23.12,0.0909,0.2794,0.6216
0.2,0.64,-12075.0,55,68,37,34.38,42.5,23.12,0.0909,0.2794,0.6216
0.13,0.62,-12075.0,37,83,40,23.12,51.88,25.0,0.0541,0.2651,0.575
0.22,0.62,-12075.0,60,60,40,37.5,37.5,25.0,0.0833,0.3167,0.575
0.1,0.65,-12150.0,30,94,36,18.75,58.75,22.5,0.0667,0.234,0.6389
0.21,0.67,-12225.0,56,71,33,35.0,44.38,20.62,0.0893,0.2817,0.6667
0.11,0.64,-12300.0,31,92,37,19.38,57.5,23.12,0.0645,0.2391,0.6216
0.12,0.63,-12375.0,34,87,39,21.25,54.37,24.38,0.0588,0.2529,0.5897
0.18,0.62,-12375.0,51,69,40,31.87,43.12,25.0,0.0784,0.2899,0.575
0.13,0.69,-12450.0,37,92,31,23.12,57.5,19.38,0.0541,0.2609,0.6774
0.13,0.7,-12450.0,37,92,31,23.12,57.5,19.38,0.0541,0.2609,0.6774
0.13,0.68,-12450.0,37,92,31,23.12,57.5,19.38,0.0541,0.2609,0.6774
0.22,0.68,-12450.0,60,69,31,37.5,43.12,19.38,0.0833,0.3043,0.6774
0.22,0.69,-12450.0,60,69,31,37.5,43.12,19.38,0.0833,0.3043,0.6774
0.19,0.67,-12450.0,55,72,33,34.38,45.0,20.62,0.0909,0.2778,0.6667
0.2,0.67,-12450.0,55,72,33,34.38,45.0,20.62,0.0909,0.2778,0.6667
0.22,0.7,-12450.0,60,69,31,37.5,43.12,19.38,0.0833,0.3043,0.6774
0.1,0.64,-12525.0,30,93,37,18.75,58.13,23.12,0.0667,0.2366,0.6216
0.21,0.63,-12600.0,56,65,39,35.0,40.62,24.38,0.0893,0.2923,0.5897
0.11,0.67,-12675.0,31,96,33,19.38,60.0,20.62,0.0645,0.2396,0.6667
0.18,0.69,-12750.0,51,78,31,31.87,48.75,19.38,0.0784,0.2821,0.6774
0.18,0.68,-12750.0,51,78,31,31.87,48.75,19.38,0.0784,0.2821,0.6774
0.18,0.7,-12750.0,51,78,31,31.87,48.75,19.38,0.0784,0.2821,0.6774
0.12,0.62,-12750.0,34,86,40,21.25,53.75,25.0,0.0588,0.2558,0.575
0.19,0.63,-12825.0,55,66,39,34.38,41.25,24.38,0.0909,0.2879,0.5897
0.2,0.63,-12825.0,55,66,39,34.38,41.25,24.38,0.0909,0.2879,0.5897
0.1,0.67,-12900.0,30,97,33,18.75,60.62,20.62,0.0667,0.2371,0.6667
0.21,0.62,-12975.0,56,64,40,35.0,40.0,25.0,0.0893,0.2969,0.575
0.11,0.63,-13050.0,31,90,39,19.38,56.25,24.38,0.0645,0.2444,0.5897
0.12,0.68,-13125.0,34,95,31,21.25,59.38,19.38,0.0588,0.2526,0.6774
0.12,0.7,-13125.0,34,95,31,21.25,59.38,19.38,0.0588,0.2526,0.6774
0.12,0.69,-13125.0,34,95,31,21.25,59.38,19.38,0.0588,0.2526,0.6774
0.19,0.62,-13200.0,55,65,40,34.38,40.62,25.0,0.0909,0.2923,0.575
0.2,0.62,-13200.0,55,65,40,34.38,40.62,25.0,0.0909,0.2923,0.575
0.1,0.63,-13275.0,30,91,39,18.75,56.88,24.38,0.0667,0.2418,0.5897
0.21,0.69,-13350.0,56,73,31,35.0,45.62,19.38,0.0893,0.2877,0.6774
0.21,0.7,-13350.0,56,73,31,35.0,45.62,19.38,0.0893,0.2877,0.6774
0.21,0.68,-13350.0,56,73,31,35.0,45.62,19.38,0.0893,0.2877,0.6774
0.11,0.62,-13425.0,31,89,40,19.38,55.62,25.0,0.0645,0.2472,0.575
0.19,0.7,-13575.0,55,74,31,34.38,46.25,19.38,0.0909,0.2838,0.6774
0.2,0.68,-13575.0,55,74,31,34.38,46.25,19.38,0.0909,0.2838,0.6774
0.2,0.7,-13575.0,55,74,31,34.38,46.25,19.38,0.0909,0.2838,0.6774
0.19,0.68,-13575.0,55,74,31,34.38,46.25,19.38,0.0909,0.2838,0.6774
0.19,0.69,-13575.0,55,74,31,34.38,46.25,19.38,0.0909,0.2838,0.6774
0.2,0.69,-13575.0,55,74,31,34.38,46.25,19.38,0.0909,0.2838,0.6774
0.1,0.62,-13650.0,30,90,40,18.75,56.25,25.0,0.0667,0.2444,0.575
0.11,0.69,-13800.0,31,98,31,19.38,61.25,19.38,0.0645,0.2449,0.6774
0.11,0.7,-13800.0,31,98,31,19.38,61.25,19.38,0.0645,0.2449,0.6774
0.11,0.68,-13800.0,31,98,31,19.38,61.25,19.38,0.0645,0.2449,0.6774
0.1,0.69,-14025.0,30,99,31,18.75,61.88,19.38,0.0667,0.2424,0.6774
0.1,0.7,-14025.0,30,99,31,18.75,61.88,19.38,0.0667,0.2424,0.6774
0.1,0.68,-14025.0,30,99,31,18.75,61.88,19.38,0.0667,0.2424,0.6774
